scope,url,clicks,impressions,ctr_percent,position
consolidated-redirect-source,https://baby.madabase.com/guides/automatic-bottle-washers-vs-alternatives,0,40,0,3.85
localized-edition,https://baby.madabase.com/de-de/guides/ergobaby-omni-breeze-positions-by-age,1,23,4.35,7.87
localized-edition,https://baby.madabase.com/en-gb/guides/ergobaby-omni-breeze-positions-by-age,0,20,0,7.9
localized-edition,https://baby.madabase.com/nl-nl/guides/ergobaby-omni-breeze-positions-by-age,2,18,11.11,7.06
site-home,https://homeoffice.madabase.com,1,11,9.09,28.45
consolidated-redirect-source,https://baby.madabase.com/guides/infant-bath-tubs-ownership-cost-and-maintenance,0,11,0,4
consolidated-redirect-source,https://baby.madabase.com/guides/nursery-glider-chairs-buying-guide,0,11,0,63.82
consolidated-redirect-source,https://baby.madabase.com/guides/automatic-bottle-washers-buying-guide,0,9,0,18.67
localized-edition,https://baby.madabase.com/en-ca/guides/ergobaby-omni-breeze-positions-by-age,0,8,0,7.38
consolidated-redirect-source,https://baby.madabase.com/guides/double-strollers-vs-alternatives,0,8,0,18.5
consolidated-redirect-source,https://baby.madabase.com/guides/automatic-bottle-washers-compatibility-and-fit-guide,0,8,0,29.75
consolidated-redirect-source,https://baby.madabase.com/guides/automatic-bottle-washers-ownership-cost-and-maintenance,0,6,0,6.5
consolidated-redirect-source,https://baby.madabase.com/guides/infant-bath-tubs-compatibility-and-fit-guide,0,6,0,7.33
site-home,https://network.madabase.com,0,6,0,17.67
consolidated-redirect-source,https://baby.madabase.com/guides/infant-bath-tubs-vs-alternatives,0,5,0,12.8
site-home,https://smarthome.madabase.com,0,5,0,31.8
localized-edition,https://baby.madabase.com/en-ca,0,5,0,43.6
policy-or-about,https://baby.madabase.com/affiliate-disclosure,0,4,0,4.5
consolidated-redirect-source,https://baby.madabase.com/guides/infant-bath-tubs-setup-and-daily-workflow,0,4,0,5
site-home,https://pets.madabase.com,0,4,0,5.25
consolidated-redirect-source,https://baby.madabase.com/guides/automatic-bottle-washers-setup-and-daily-workflow,0,4,0,7.25
consolidated-redirect-source,https://homeoffice.madabase.com/guides/dual-screen-portable-monitors-compatibility-and-fit-guide,0,4,0,12.75
site-home,https://baby.madabase.com,0,3,0,3
category-archive,https://baby.madabase.com/categories/gear,0,3,0,6
consolidated-redirect-source,https://homeoffice.madabase.com/guides/business-usb-c-monitors-buying-guide,0,3,0,7.33
policy-or-about,https://homeoffice.madabase.com/contact,0,3,0,7.67
consolidated-redirect-source,https://homeoffice.madabase.com/guides/business-usb-c-monitors-compatibility-and-fit-guide,0,3,0,7.67
category-archive,https://baby.madabase.com/categories/feeding,0,3,0,9
consolidated-redirect-source,https://baby.madabase.com/guides/automatic-bottle-washers-safety-and-skip-guide,0,3,0,9.33
localized-edition,https://homeoffice.madabase.com/en-gb,0,3,0,9.33
category-archive,https://homeoffice.madabase.com/categories/desks,0,3,0,9.67
localized-edition,https://homeoffice.madabase.com/en-ca/reviews/urevo-smart-walking-pad,0,3,0,12.33
consolidated-redirect-source,https://baby.madabase.com/guides/double-strollers-buying-guide,0,3,0,54
consolidated-redirect-source,https://homeoffice.madabase.com/guides/office-trackballs-compatibility-and-fit-guide,0,2,0,3
policy-or-about,https://smarthome.madabase.com/about,0,2,0,4
consolidated-redirect-source,https://baby.madabase.com/guides/double-strollers-setup-and-daily-workflow,0,2,0,4.5
category-archive,https://homeoffice.madabase.com/categories/ergonomics,0,2,0,4.5
category-archive,https://smarthome.madabase.com/categories/climate,0,2,0,5
policy-or-about,https://homeoffice.madabase.com/privacy,0,2,0,6
consolidated-redirect-source,https://smarthome.madabase.com/guides/smart-displays-vs-alternatives,0,2,0,6
policy-or-about,https://smarthome.madabase.com/affiliate-disclosure,0,2,0,8
consolidated-redirect-source,https://pets.madabase.com/guides/cat-litter-mats-vs-alternatives,0,2,0,8.5
consolidated-redirect-source,https://homeoffice.madabase.com/guides/office-trackballs-setup-and-daily-workflow,0,2,0,9.5
policy-or-about,https://smarthome.madabase.com/privacy,0,2,0,10
consolidated-redirect-source,https://homeoffice.madabase.com/guides/dual-screen-portable-monitors-setup-and-daily-workflow,0,2,0,10.5
consolidated-redirect-source,https://baby.madabase.com/guides/nursery-glider-chairs-vs-alternatives,0,2,0,27.5
policy-or-about,https://baby.madabase.com/contact,0,1,0,2
category-archive,https://homeoffice.madabase.com/categories/meetings,0,1,0,3
policy-or-about,https://network.madabase.com/about,0,1,0,3
policy-or-about,https://baby.madabase.com/about,0,1,0,4
site-home,https://style.madabase.com,0,1,0,4
policy-or-about,https://homeoffice.madabase.com/about,0,1,0,5
category-archive,https://network.madabase.com/categories/wifi,0,1,0,5
policy-or-about,https://baby.madabase.com/methodology,0,1,0,6
policy-or-about,https://network.madabase.com/affiliate-disclosure,0,1,0,6
site-home,https://costumes.madabase.com,0,1,0,7
policy-or-about,https://network.madabase.com/contact,0,1,0,7
policy-or-about,https://homeoffice.madabase.com/affiliate-disclosure,0,1,0,8
consolidated-redirect-source,https://homeoffice.madabase.com/guides/office-paper-shredders-compatibility-and-fit-guide,0,1,0,8
localized-edition,https://homeoffice.madabase.com/nl-nl/reviews/urevo-smart-walking-pad,0,1,0,8
policy-or-about,https://baby.madabase.com/editorial-policy,0,1,0,9
consolidated-redirect-source,https://homeoffice.madabase.com/guides/office-paper-shredders-setup-and-daily-workflow,0,1,0,9
category-archive,https://pets.madabase.com/categories/home-care,0,1,0,9
localized-edition,https://homeoffice.madabase.com/en-ca,0,1,0,10
localized-edition,https://homeoffice.madabase.com/en-gb/reviews/urevo-smart-walking-pad,0,1,0,10
consolidated-redirect-source,https://homeoffice.madabase.com/guides/dual-screen-portable-monitors-ownership-cost-and-maintenance,0,1,0,10
category-archive,https://pets.madabase.com/categories/feeding,0,1,0,10
consolidated-redirect-source,https://pets.madabase.com/guides/robot-vacuums-for-pet-hair-vs-alternatives,0,1,0,11
consolidated-redirect-source,https://baby.madabase.com/guides/double-strollers-safety-and-skip-guide,0,1,0,14
consolidated-redirect-source,https://smarthome.madabase.com/guides/matter-vs-thread-vs-zigbee,0,1,0,22
consolidated-redirect-source,https://homeoffice.madabase.com/guides/mechanical-office-keyboards-compatibility-and-fit-guide,0,1,0,41
consolidated-redirect-source,https://baby.madabase.com/guides/nursery-glider-chairs-compatibility-and-fit-guide,0,1,0,47
consolidated-redirect-source,https://network.madabase.com/guides/point-to-point-wireless-bridges-compatibility-and-fit-guide,0,1,0,64
